CLV_Segment,Customers,Avg_CLV,Total_CLV
Low Value,1445,-1707.1705876460367,-2466861.499148523
Medium Value,1443,422.76205636457087,610045.6473340758
High Value,1442,8858.365296187314,12773762.757102108
